{
    "DETECTED": {
        "g3.jpg": 0.27141010761260986,
        "g2.jpg": 0.2556402087211609,
        "g1.jpg": 0.31481072306632996,
        "sweater.jpg": 0.23091977834701538,
        "belt.jpg": 0.31170082092285156
    },
    "NA": {},
    "MEAN": 0.27689632773399353
}