{
    "DETECTED": {},
    "NA": {
        "ggbag1.jpg": 0.18852217495441437,
        "g3.jpg": 0.12214623391628265,
        "g2.jpg": 0.12574492394924164,
        "g1.jpg": 0.16814221441745758,
        "sweater.jpg": 0.16449059545993805,
        "belt.jpg": 0.15989114344120026,
        "s6.jpg": 0.12951140105724335,
        "s7.jpg": 0.12047802656888962,
        "s5.jpg": 0.12685881555080414,
        "s4.jpg": 0.13628703355789185,
        "s1.jpg": 0.13798324763774872,
        "s3.jpg": 0.13580328226089478,
        "s2.jpg": 0.12313554435968399,
        "s8.jpg": 0.11284060031175613
    },
    "pxg_MEAN": 0.15482288102308908,
    "etc_MEAN": 0.12786224391311407,
    "pxg_MIN": 0.12214623391628265,
    "etc_MAX": 0.13798324763774872
}