{
    "DETECTED": {
        "30968.png": 0.33135104179382324,
        "33987.png": 0.29651710391044617,
        "30417.png": 0.325004905462265,
        "30956.png": 0.3033692240715027,
        "30971.png": 0.2874557077884674,
        "30954.png": 0.3270929455757141,
        "31574.png": 0.3270929455757141,
        "30412.png": 0.3270929455757141,
        "30958.png": 0.3270929455757141,
        "30426.png": 0.33135107159614563,
        "30975.png": 0.32750463485717773,
        "30973.png": 0.33135107159614563,
        "31573.png": 0.3033692240715027,
        "30420.png": 0.33135104179382324,
        "31589.png": 0.33135107159614563,
        "30959.png": 0.3270929455757141,
        "30416.png": 0.33135107159614563,
        "30008.png": 0.33135107159614563,
        "31585.png": 0.33135107159614563,
        "30407.png": 0.3270929455757141,
        "32811.png": 0.24048112332820892,
        "31588.png": 0.33135107159614563,
        "30960.png": 0.3270929455757141,
        "32295.png": 0.29651710391044617,
        "33155.png": 0.29651710391044617,
        "29603.png": 0.33135104179382324,
        "29592.png": 0.3033692240715027,
        "31571.png": 0.3270929455757141,
        "29601.png": 0.33135107159614563,
        "30965.png": 0.325004905462265,
        "30957.png": 0.3033692240715027,
        "29999.png": 0.3033692240715027,
        "30009.png": 0.33135107159614563,
        "30013.png": 0.2874557077884674,
        "29590.png": 0.3270929455757141,
        "30966.png": 0.33135107159614563,
        "29600.png": 0.325004905462265,
        "32178.png": 0.24048112332820892,
        "34038.png": 0.24048112332820892,
        "32349.png": 0.24048112332820892,
        "30419.png": 0.33135107159614563,
        "30001.png": 0.3270929455757141,
        "31582.png": 0.33135107159614563,
        "30955.png": 0.3270929455757141,
        "30425.png": 0.33135107159614563,
        "30011.png": 0.33135107159614563,
        "29608.png": 0.33135107159614563,
        "29595.png": 0.3270929455757141,
        "29997.png": 0.3270929455757141,
        "31570.png": 0.3270929455757141,
        "30411.png": 0.3270929455757141,
        "30010.png": 0.33135104179382324,
        "29606.png": 0.2874557077884674,
        "29591.png": 0.3033692240715027,
        "31586.png": 0.33135107159614563,
        "157123.png": 0.27782607078552246,
        "30427.png": 0.32750463485717773,
        "30423.png": 0.2874557077884674,
        "30000.png": 0.3270929455757141,
        "30406.png": 0.3270929455757141,
        "30969.png": 0.33135107159614563,
        "30974.png": 0.33135107159614563,
        "30972.png": 0.33135107159614563,
        "30424.png": 0.33135107159614563,
        "29594.png": 0.3270929455757141,
        "34637.png": 0.22322151064872742,
        "29998.png": 0.3033692240715027,
        "30410.png": 0.3270929455757141,
        "30970.png": 0.33135107159614563,
        "29604.png": 0.33135107159614563,
        "33208.png": 0.24048112332820892,
        "30422.png": 0.33135107159614563,
        "29602.png": 0.33135107159614563,
        "30408.png": 0.3033692240715027,
        "29607.png": 0.33135107159614563,
        "30006.png": 0.33135107159614563,
        "31583.png": 0.33135107159614563,
        "30967.png": 0.33135107159614563,
        "30017.png": 0.32750463485717773,
        "30007.png": 0.325004905462265,
        "31584.png": 0.33135104179382324,
        "30012.png": 0.33135107159614563,
        "31572.png": 0.3033692240715027,
        "31587.png": 0.2874557077884674,
        "30421.png": 0.33135107159614563,
        "33424.png": 0.24048112332820892,
        "30002.png": 0.3270929455757141,
        "31580.png": 0.33135107159614563,
        "31590.png": 0.33135107159614563,
        "32759.png": 0.29651710391044617,
        "30016.png": 0.33135107159614563,
        "158010.png": 0.27504992485046387,
        "29589.png": 0.3270929455757141,
        "10700.png": 0.29651710391044617,
        "29599.png": 0.33135107159614563,
        "31591.png": 0.32750463485717773,
        "31581.png": 0.325004905462265,
        "30964.png": 0.33135107159614563,
        "30015.png": 0.33135107159614563,
        "29593.png": 0.3270929455757141,
        "30418.png": 0.33135107159614563,
        "29996.png": 0.3270929455757141,
        "31576.png": 0.3270929455757141,
        "30014.png": 0.33135107159614563,
        "30409.png": 0.3033692240715027,
        "29605.png": 0.33135107159614563,
        "31575.png": 0.3270929455757141
    },
    "NA": {},
    "MEAN": 0.12287012675066859
}